{"1":{"entries":[{"name":"log.cleaner.min.compaction.lag.ms","value":"0","source":"DEFAULT_CONFIG","synonyms":[{"name":"log.cleaner.min.compaction.lag.ms","value":"0","source":"DEFAULT_CONFIG"}],"isSensitive":false,"isReadOnly":false},{"name":"offsets.topic.num.partitions","value":"50","source":"DEFAULT_CONFIG","synonyms":[{"name":"offsets.topic.num.partitions","value":"50","source":"DEFAULT_CONFIG"}],"isSensitive":false,"isReadOnly":true},{"name":"log.flush.interval.messages","value":"9223372036854775807","source":"DEFAULT_CONFIG","synonyms":[{"name":"log.flush.interval.messages","value":"9223372036854775807","source":"DEFAULT_CONFIG"}],"isSensitive":false,"isReadOnly":false},{"name":"controller.socket.timeout.ms","value":"30000","source":"DEFAULT_CONFIG","synonyms":[{"name":"controller.socket.timeout.ms","value":"30000","source":"DEFAULT_CONFIG"}],"isSensitive":false,"isReadOnly":true},{"name":"log.flush.interval.ms","value":null,"source":"DEFAULT_CONFIG","synonyms":[],"isSensitive":false,"isReadOnly":false},{"name":"principal.builder.class","value":null,"source":"DEFAULT_CONFIG","synonyms":[],"isSensitive":false,"isReadOnly":false},{"name":"min.insync.replicas","value":"1","source":"DEFAULT_CONFIG","synonyms":[{"name":"min.insync.replicas","value":"1","source":"DEFAULT_CONFIG"}],"isSensitive":false,"isReadOnly":false},{"name":"num.recovery.threads.per.data.dir","value":"1","source":"DEFAULT_CONFIG","synonyms":[{"name":"num.recovery.threads.per.data.dir","value":"1","source":"DEFAULT_CONFIG"}],"isSensitive":false,"isReadOnly":false},{"name":"ssl.keystore.type","value":"JKS","source":"DEFAULT_CONFIG","synonyms":[{"name":"ssl.keystore.type","value":"JKS","source":"DEFAULT_CONFIG"}],"isSensitive":false,"isReadOnly":false},{"name":"zookeeper.ssl.protocol","value":"TLSv1.2","source":"DEFAULT_CONFIG","synonyms":[{"name":"zookeeper.ssl.protocol","value":"TLSv1.2","source":"DEFAULT_CONFIG"}],"isSensitive":false,"isReadOnly":true},{"name":"confluent.ssl.key.password","value":null,"source":"DEFAULT_CONFIG","synonyms":[],"isSensitive":false,"isReadOnly":true},{"name":"sasl.mechanism.inter.broker.protocol","value":"GSSAPI","source":"DEFAULT_CONFIG","synonyms":[{"name":"sasl.mechanism.inter.broker.protocol","value":"GSSAPI","source":"DEFAULT_CONFIG"}],"isSensitive":false,"isReadOnly":false},{"name":"broker.session.uuid","value":"Pt_mKykBSierH1J46rydMA","source":"DEFAULT_CONFIG","synonyms":[],"isSensitive":false,"isReadOnly":true},{"name":"fetch.purgatory.purge.interval.requests","value":"1000","source":"DEFAULT_CONFIG","synonyms":[{"name":"fetch.purgatory.purge.interval.requests","value":"1000","source":"DEFAULT_CONFIG"}],"isSensitive":false,"isReadOnly":true},{"name":"ssl.endpoint.identification.algorithm","value":"https","source":"DEFAULT_CONFIG","synonyms":[{"name":"ssl.endpoint.identification.algorithm","value":"https","source":"DEFAULT_CONFIG"}],"isSensitive":false,"isReadOnly":false},{"name":"zookeeper.ssl.keystore.location","value":null,"source":"DEFAULT_CONFIG","synonyms":[],"isSensitive":false,"isReadOnly":true},{"name":"replica.socket.timeout.ms","value":"30000","source":"DEFAULT_CONFIG","synonyms":[{"name":"replica.socket.timeout.ms","value":"30000","source":"DEFAULT_CONFIG"}],"isSensitive":false,"isReadOnly":true},{"name":"message.max.bytes","value":"1048588","source":"DEFAULT_CONFIG","synonyms":[{"name":"message.max.bytes","value":"1048588","source":"DEFAULT_CONFIG"}],"isSensitive":false,"isReadOnly":false},{"name":"confluent.metrics.reporter.bootstrap.servers","value":null,"source":"STATIC_BROKER_CONFIG","synonyms":[{"name":"confluent.metrics.reporter.bootstrap.servers","value":null,"source":"STATIC_BROKER_CONFIG"}],"isSensitive":true,"isReadOnly":true},{"name":"connections.max.reauth.ms","value":"0","source":"DEFAULT_CONFIG","synonyms":[{"name":"connections.max.reauth.ms","value":"0","source":"DEFAULT_CONFIG"}],"isSensitive":false,"isReadOnly":true},{"name":"zookeeper.clientCnxnSocket","value":null,"source":"DEFAULT_CONFIG","synonyms":[],"isSensitive":false,"isReadOnly":true},{"name":"log.flush.offset.checkpoint.interval.ms","value":"60000","source":"DEFAULT_CONFIG","synonyms":[{"name":"log.flush.offset.checkpoint.interval.ms","value":"60000","source":"DEFAULT_CONFIG"}],"isSensitive":false,"isReadOnly":true},{"name":"zookeeper.ssl.client.enable","value":"false","source":"DEFAULT_CONFIG","synonyms":[{"name":"zookeeper.ssl.client.enable","value":"false","source":"DEFAULT_CONFIG"}],"isSensitive":false,"isReadOnly":true},{"name":"quota.window.num","value":"11","source":"DEFAULT_CONFIG","synonyms":[{"name":"quota.window.num","value":"11","source":"DEFAULT_CONFIG"}],"isSensitive":false,"isReadOnly":true},{"name":"zookeeper.connect","value":"zookeeper:2181","source":"STATIC_BROKER_CONFIG","synonyms":[{"name":"zookeeper.connect","value":"zookeeper:2181","source":"STATIC_BROKER_CONFIG"}],"isSensitive":false,"isReadOnly":true},{"name":"authorizer.class.name","value":"","source":"DEFAULT_CONFIG","synonyms":[{"name":"authorizer.class.name","value":"","source":"DEFAULT_CONFIG"}],"isSensitive":false,"isReadOnly":true},{"name":"password.encoder.secret","value":null,"source":"DEFAULT_CONFIG","synonyms":[],"isSensitive":true,"isReadOnly":true},{"name":"num.replica.fetchers","value":"1","source":"DEFAULT_CONFIG","synonyms":[{"name":"num.replica.fetchers","value":"1","source":"DEFAULT_CONFIG"}],"isSensitive":false,"isReadOnly":false},{"name":"alter.log.dirs.replication.quota.window.size.seconds","value":"1","source":"DEFAULT_CONFIG","synonyms":[{"name":"alter.log.dirs.replication.quota.window.size.seconds","value":"1","source":"DEFAULT_CONFIG"}],"isSensitive":false,"isReadOnly":true},{"name":"log.roll.jitter.hours","value":"0","source":"DEFAULT_CONFIG","synonyms":[{"name":"log.roll.jitter.hours","value":"0","source":"DEFAULT_CONFIG"}],"isSensitive":false,"isReadOnly":true},{"name":"password.encoder.old.secret","value":null,"source":"DEFAULT_CONFIG","synonyms":[],"isSensitive":true,"isReadOnly":true},{"name":"log.cleaner.delete.retention.ms","value":"86400000","source":"DEFAULT_CONFIG","synonyms":[{"name":"log.cleaner.delete.retention.ms","value":"86400000","source":"DEFAULT_CONFIG"}],"isSensitive":false,"isReadOnly":false},{"name":"confluent.ssl.keystore.password","value":null,"source":"DEFAULT_CONFIG","synonyms":[],"isSensitive":false,"isReadOnly":true},{"name":"multitenant.metadata.reload.delay.ms","value":"600000","source":"DEFAULT_CONFIG","synonyms":[{"name":"multitenant.metadata.reload.delay.ms","value":"600000","source":"DEFAULT_CONFIG"}],"isSensitive":false,"isReadOnly":true},{"name":"queued.max.requests","value":"500","source":"DEFAULT_CONFIG","synonyms":[{"name":"queued.max.requests","value":"500","source":"DEFAULT_CONFIG"}],"isSensitive":false,"isReadOnly":true},{"name":"log.cleaner.threads","value":"1","source":"DEFAULT_CONFIG","synonyms":[{"name":"log.cleaner.threads","value":"1","source":"DEFAULT_CONFIG"}],"isSensitive":false,"isReadOnly":false},{"name":"sasl.kerberos.service.name","value":null,"source":"DEFAULT_CONFIG","synonyms":[],"isSensitive":false,"isReadOnly":false},{"name":"socket.request.max.bytes","value":"104857600","source":"DEFAULT_CONFIG","synonyms":[{"name":"socket.request.max.bytes","value":"104857600","source":"DEFAULT_CONFIG"}],"isSensitive":false,"isReadOnly":true},{"name":"confluent.ssl.keystore.type","value":null,"source":"DEFAULT_CONFIG","synonyms":[],"isSensitive":false,"isReadOnly":true},{"name":"log.message.timestamp.type","value":"CreateTime","source":"DEFAULT_CONFIG","synonyms":[{"name":"log.message.timestamp.type","value":"CreateTime","source":"DEFAULT_CONFIG"}],"isSensitive":false,"isReadOnly":false},{"name":"zookeeper.ssl.keystore.type","value":null,"source":"DEFAULT_CONFIG","synonyms":[],"isSensitive":false,"isReadOnly":true},{"name":"zookeeper.set.acl","value":"false","source":"DEFAULT_CONFIG","synonyms":[{"name":"zookeeper.set.acl","value":"false","source":"DEFAULT_CONFIG"}],"isSensitive":false,"isReadOnly":true},{"name":"connections.max.idle.ms","value":"600000","source":"DEFAULT_CONFIG","synonyms":[{"name":"connections.max.idle.ms","value":"600000","source":"DEFAULT_CONFIG"}],"isSensitive":false,"isReadOnly":true},{"name":"max.connections","value":"2147483647","source":"DEFAULT_CONFIG","synonyms":[{"name":"max.connections","value":"2147483647","source":"DEFAULT_CONFIG"}],"isSensitive":false,"isReadOnly":false},{"name":"delegation.token.expiry.time.ms","value":"86400000","source":"DEFAULT_CONFIG","synonyms":[{"name":"delegation.token.expiry.time.ms","value":"86400000","source":"DEFAULT_CONFIG"}],"isSensitive":false,"isReadOnly":true},{"name":"transaction.state.log.num.partitions","value":"50","source":"DEFAULT_CONFIG","synonyms":[{"name":"transaction.state.log.num.partitions","value":"50","source":"DEFAULT_CONFIG"}],"isSensitive":false,"isReadOnly":true},{"name":"listener.security.protocol.map","value":"PLAINTEXT:PLAINTEXT,PLAINTEXT_HOST:PLAINTEXT","source":"STATIC_BROKER_CONFIG","synonyms":[{"name":"listener.security.protocol.map","value":"PLAINTEXT:PLAINTEXT,PLAINTEXT_HOST:PLAINTEXT","source":"STATIC_BROKER_CONFIG"},{"name":"listener.security.protocol.map","value":"PLAINTEXT:PLAINTEXT,SSL:SSL,SASL_PLAINTEXT:SASL_PLAINTEXT,SASL_SSL:SASL_SSL","source":"DEFAULT_CONFIG"}],"isSensitive":false,"isReadOnly":false},{"name":"log.retention.hours","value":"168","source":"DEFAULT_CONFIG","synonyms":[{"name":"log.retention.hours","value":"168","source":"DEFAULT_CONFIG"}],"isSensitive":false,"isReadOnly":true},{"name":"client.quota.callback.class","value":null,"source":"DEFAULT_CONFIG","synonyms":[],"isSensitive":false,"isReadOnly":true},{"name":"ssl.provider","value":null,"source":"DEFAULT_CONFIG","synonyms":[],"isSensitive":false,"isReadOnly":false},{"name":"delete.records.purgatory.purge.interval.requests","value":"1","source":"DEFAULT_CONFIG","synonyms":[{"name":"delete.records.purgatory.purge.interval.requests","value":"1","source":"DEFAULT_CONFIG"}],"isSensitive":false,"isReadOnly":true},{"name":"log.roll.ms","value":null,"source":"DEFAULT_CONFIG","synonyms":[],"isSensitive":false,"isReadOnly":false},{"name":"ssl.cipher.suites","value":"","source":"DEFAULT_CONFIG","synonyms":[{"name":"ssl.cipher.suites","value":"","source":"DEFAULT_CONFIG"}],"isSensitive":false,"isReadOnly":false},{"name":"confluent.schema.registry.max.cache.size","value":"10000","source":"DEFAULT_CONFIG","synonyms":[{"name":"confluent.schema.registry.max.cache.size","value":"10000","source":"DEFAULT_CONFIG"}],"isSensitive":false,"isReadOnly":true},{"name":"multitenant.tenant.delete.delay","value":"604800000","source":"DEFAULT_CONFIG","synonyms":[{"name":"multitenant.tenant.delete.delay","value":"604800000","source":"DEFAULT_CONFIG"}],"isSensitive":false,"isReadOnly":true},{"name":"zookeeper.ssl.keystore.password","value":null,"source":"DEFAULT_CONFIG","synonyms":[],"isSensitive":true,"isReadOnly":true},{"name":"security.inter.broker.protocol","value":"PLAINTEXT","source":"DEFAULT_CONFIG","synonyms":[{"name":"security.inter.broker.protocol","value":"PLAINTEXT","source":"DEFAULT_CONFIG"}],"isSensitive":false,"isReadOnly":true},{"name":"replica.high.watermark.checkpoint.interval.ms","value":"5000","source":"DEFAULT_CONFIG","synonyms":[{"name":"replica.high.watermark.checkpoint.interval.ms","value":"5000","source":"DEFAULT_CONFIG"}],"isSensitive":false,"isReadOnly":true},{"name":"replication.quota.window.size.seconds","value":"1","source":"DEFAULT_CONFIG","synonyms":[{"name":"replication.quota.window.size.seconds","value":"1","source":"DEFAULT_CONFIG"}],"isSensitive":false,"isReadOnly":true},{"name":"sasl.kerberos.ticket.renew.window.factor","value":"0.8","source":"DEFAULT_CONFIG","synonyms":[{"name":"sasl.kerberos.ticket.renew.window.factor","value":"0.8","source":"DEFAULT_CONFIG"}],"isSensitive":false,"isReadOnly":false},{"name":"zookeeper.connection.timeout.ms","value":null,"source":"DEFAULT_CONFIG","synonyms":[],"isSensitive":false,"isReadOnly":true},{"name":"metrics.recording.level","value":"INFO","source":"DEFAULT_CONFIG","synonyms":[{"name":"metrics.recording.level","value":"INFO","source":"DEFAULT_CONFIG"}],"isSensitive":false,"isReadOnly":true},{"name":"password.encoder.cipher.algorithm","value":"AES/CBC/PKCS5Padding","source":"DEFAULT_CONFIG","synonyms":[{"name":"password.encoder.cipher.algorithm","value":"AES/CBC/PKCS5Padding","source":"DEFAULT_CONFIG"}],"isSensitive":false,"isReadOnly":true},{"name":"ssl.principal.mapping.rules","value":"DEFAULT","source":"DEFAULT_CONFIG","synonyms":[{"name":"ssl.principal.mapping.rules","value":"DEFAULT","source":"DEFAULT_CONFIG"}],"isSensitive":false,"isReadOnly":true},{"name":"replica.selector.class","value":null,"source":"DEFAULT_CONFIG","synonyms":[],"isSensitive":false,"isReadOnly":true},{"name":"ssl.engine.builder.class","value":"org.apache.kafka.common.security.ssl.KafkaSslEngineBuilder","source":"DEFAULT_CONFIG","synonyms":[{"name":"ssl.engine.builder.class","value":"org.apache.kafka.common.security.ssl.KafkaSslEngineBuilder","source":"DEFAULT_CONFIG"}],"isSensitive":false,"isReadOnly":true},{"name":"max.connections.per.ip","value":"2147483647","source":"DEFAULT_CONFIG","synonyms":[{"name":"max.connections.per.ip","value":"2147483647","source":"DEFAULT_CONFIG"}],"isSensitive":false,"isReadOnly":false},{"name":"background.threads","value":"10","source":"DEFAULT_CONFIG","synonyms":[{"name":"background.threads","value":"10","source":"DEFAULT_CONFIG"}],"isSensitive":false,"isReadOnly":false},{"name":"quota.consumer.default","value":"9223372036854775807","source":"DEFAULT_CONFIG","synonyms":[{"name":"quota.consumer.default","value":"9223372036854775807","source":"DEFAULT_CONFIG"}],"isSensitive":false,"isReadOnly":true},{"name":"request.timeout.ms","value":"30000","source":"DEFAULT_CONFIG","synonyms":[{"name":"request.timeout.ms","value":"30000","source":"DEFAULT_CONFIG"}],"isSensitive":false,"isReadOnly":true},{"name":"log.message.format.version","value":"2.5-IV0","source":"DEFAULT_CONFIG","synonyms":[{"name":"log.message.format.version","value":"2.5-IV0","source":"DEFAULT_CONFIG"}],"isSensitive":false,"isReadOnly":true},{"name":"sasl.login.class","value":null,"source":"DEFAULT_CONFIG","synonyms":[],"isSensitive":false,"isReadOnly":true},{"name":"log.dir","value":"/tmp/kafka-logs","source":"DEFAULT_CONFIG","synonyms":[{"name":"log.dir","value":"/tmp/kafka-logs","source":"DEFAULT_CONFIG"}],"isSensitive":false,"isReadOnly":true},{"name":"log.segment.bytes","value":"1073741824","source":"DEFAULT_CONFIG","synonyms":[{"name":"log.segment.bytes","value":"1073741824","source":"DEFAULT_CONFIG"}],"isSensitive":false,"isReadOnly":false},{"name":"confluent.prefer.tier.fetch.ms","value":"-1","source":"DEFAULT_CONFIG","synonyms":[{"name":"confluent.prefer.tier.fetch.ms","value":"-1","source":"DEFAULT_CONFIG"}],"isSensitive":false,"isReadOnly":false},{"name":"replica.fetch.response.max.bytes","value":"10485760","source":"DEFAULT_CONFIG","synonyms":[{"name":"replica.fetch.response.max.bytes","value":"10485760","source":"DEFAULT_CONFIG"}],"isSensitive":false,"isReadOnly":true},{"name":"group.max.session.timeout.ms","value":"1800000","source":"DEFAULT_CONFIG","synonyms":[{"name":"group.max.session.timeout.ms","value":"1800000","source":"DEFAULT_CONFIG"}],"isSensitive":false,"isReadOnly":true},{"name":"port","value":"9092","source":"DEFAULT_CONFIG","synonyms":[{"name":"port","value":"9092","source":"DEFAULT_CONFIG"}],"isSensitive":false,"isReadOnly":true},{"name":"confluent.schema.registry.max.retries","value":"1","source":"DEFAULT_CONFIG","synonyms":[{"name":"confluent.schema.registry.max.retries","value":"1","source":"DEFAULT_CONFIG"}],"isSensitive":false,"isReadOnly":true},{"name":"log.retention.minutes","value":null,"source":"DEFAULT_CONFIG","synonyms":[],"isSensitive":false,"isReadOnly":true},{"name":"log.segment.delete.delay.ms","value":"60000","source":"DEFAULT_CONFIG","synonyms":[{"name":"log.segment.delete.delay.ms","value":"60000","source":"DEFAULT_CONFIG"}],"isSensitive":false,"isReadOnly":false},{"name":"log.dirs","value":"/var/lib/kafka/data","source":"STATIC_BROKER_CONFIG","synonyms":[{"name":"log.dirs","value":"/var/lib/kafka/data","source":"STATIC_BROKER_CONFIG"}],"isSensitive":false,"isReadOnly":true},{"name":"controlled.shutdown.enable","value":"true","source":"DEFAULT_CONFIG","synonyms":[{"name":"controlled.shutdown.enable","value":"true","source":"DEFAULT_CONFIG"}],"isSensitive":false,"isReadOnly":true},{"name":"log.message.timestamp.difference.max.ms","value":"9223372036854775807","source":"DEFAULT_CONFIG","synonyms":[{"name":"log.message.timestamp.difference.max.ms","value":"9223372036854775807","source":"DEFAULT_CONFIG"}],"isSensitive":false,"isReadOnly":false},{"name":"sasl.login.refresh.min.period.seconds","value":"60","source":"DEFAULT_CONFIG","synonyms":[{"name":"sasl.login.refresh.min.period.seconds","value":"60","source":"DEFAULT_CONFIG"}],"isSensitive":false,"isReadOnly":false},{"name":"password.encoder.key.length","value":"128","source":"DEFAULT_CONFIG","synonyms":[{"name":"password.encoder.key.length","value":"128","source":"DEFAULT_CONFIG"}],"isSensitive":false,"isReadOnly":true},{"name":"confluent.apply.create.topic.policy.to.create.partitions","value":"false","source":"DEFAULT_CONFIG","synonyms":[{"name":"confluent.apply.create.topic.policy.to.create.partitions","value":"false","source":"DEFAULT_CONFIG"}],"isSensitive":false,"isReadOnly":true},{"name":"transaction.abort.timed.out.transaction.cleanup.interval.ms","value":"10000","source":"DEFAULT_CONFIG","synonyms":[{"name":"transaction.abort.timed.out.transaction.cleanup.interval.ms","value":"10000","source":"DEFAULT_CONFIG"}],"isSensitive":false,"isReadOnly":true},{"name":"sasl.kerberos.kinit.cmd","value":"/usr/bin/kinit","source":"DEFAULT_CONFIG","synonyms":[{"name":"sasl.kerberos.kinit.cmd","value":"/usr/bin/kinit","source":"DEFAULT_CONFIG"}],"isSensitive":false,"isReadOnly":false},{"name":"log.cleaner.io.max.bytes.per.second","value":"1.7976931348623157E308","source":"DEFAULT_CONFIG","synonyms":[{"name":"log.cleaner.io.max.bytes.per.second","value":"1.7976931348623157E308","source":"DEFAULT_CONFIG"}],"isSensitive":false,"isReadOnly":false},{"name":"auto.leader.rebalance.enable","value":"true","source":"DEFAULT_CONFIG","synonyms":[{"name":"auto.leader.rebalance.enable","value":"true","source":"DEFAULT_CONFIG"}],"isSensitive":false,"isReadOnly":true},{"name":"leader.imbalance.check.interval.seconds","value":"300","source":"DEFAULT_CONFIG","synonyms":[{"name":"leader.imbalance.check.interval.seconds","value":"300","source":"DEFAULT_CONFIG"}],"isSensitive":false,"isReadOnly":true},{"name":"log.cleaner.min.cleanable.ratio","value":"0.5","source":"DEFAULT_CONFIG","synonyms":[{"name":"log.cleaner.min.cleanable.ratio","value":"0.5","source":"DEFAULT_CONFIG"}],"isSensitive":false,"isReadOnly":false},{"name":"replica.lag.time.max.ms","value":"30000","source":"DEFAULT_CONFIG","synonyms":[{"name":"replica.lag.time.max.ms","value":"30000","source":"DEFAULT_CONFIG"}],"isSensitive":false,"isReadOnly":true},{"name":"num.network.threads","value":"3","source":"DEFAULT_CONFIG","synonyms":[{"name":"num.network.threads","value":"3","source":"DEFAULT_CONFIG"}],"isSensitive":false,"isReadOnly":false},{"name":"sasl.client.callback.handler.class","value":null,"source":"DEFAULT_CONFIG","synonyms":[],"isSensitive":false,"isReadOnly":true},{"name":"metrics.num.samples","value":"2","source":"DEFAULT_CONFIG","synonyms":[{"name":"metrics.num.samples","value":"2","source":"DEFAULT_CONFIG"}],"isSensitive":false,"isReadOnly":true},{"name":"socket.send.buffer.bytes","value":"102400","source":"DEFAULT_CONFIG","synonyms":[{"name":"socket.send.buffer.bytes","value":"102400","source":"DEFAULT_CONFIG"}],"isSensitive":false,"isReadOnly":true},{"name":"confluent.support.customer.id","value":null,"source":"STATIC_BROKER_CONFIG","synonyms":[{"name":"confluent.support.customer.id","value":null,"source":"STATIC_BROKER_CONFIG"}],"isSensitive":true,"isReadOnly":true},{"name":"confluent.ssl.truststore.type","value":null,"source":"DEFAULT_CONFIG","synonyms":[],"isSensitive":false,"isReadOnly":true},{"name":"password.encoder.keyfactory.algorithm","value":null,"source":"DEFAULT_CONFIG","synonyms":[],"isSensitive":false,"isReadOnly":true},{"name":"socket.receive.buffer.bytes","value":"102400","source":"DEFAULT_CONFIG","synonyms":[{"name":"socket.receive.buffer.bytes","value":"102400","source":"DEFAULT_CONFIG"}],"isSensitive":false,"isReadOnly":true},{"name":"replica.fetch.min.bytes","value":"1","source":"DEFAULT_CONFIG","synonyms":[{"name":"replica.fetch.min.bytes","value":"1","source":"DEFAULT_CONFIG"}],"isSensitive":false,"isReadOnly":true},{"name":"broker.rack","value":null,"source":"DEFAULT_CONFIG","synonyms":[],"isSensitive":false,"isReadOnly":true},{"name":"zookeeper.ssl.truststore.password","value":null,"source":"DEFAULT_CONFIG","synonyms":[],"isSensitive":true,"isReadOnly":true},{"name":"unclean.leader.election.enable","value":"false","source":"DEFAULT_CONFIG","synonyms":[{"name":"unclean.leader.election.enable","value":"false","source":"DEFAULT_CONFIG"}],"isSensitive":false,"isReadOnly":false},{"name":"offsets.retention.check.interval.ms","value":"600000","source":"DEFAULT_CONFIG","synonyms":[{"name":"offsets.retention.check.interval.ms","value":"600000","source":"DEFAULT_CONFIG"}],"isSensitive":false,"isReadOnly":true},{"name":"producer.purgatory.purge.interval.requests","value":"1000","source":"DEFAULT_CONFIG","synonyms":[{"name":"producer.purgatory.purge.interval.requests","value":"1000","source":"DEFAULT_CONFIG"}],"isSensitive":false,"isReadOnly":true},{"name":"metrics.sample.window.ms","value":"30000","source":"DEFAULT_CONFIG","synonyms":[{"name":"metrics.sample.window.ms","value":"30000","source":"DEFAULT_CONFIG"}],"isSensitive":false,"isReadOnly":true},{"name":"log.retention.check.interval.ms","value":"300000","source":"DEFAULT_CONFIG","synonyms":[{"name":"log.retention.check.interval.ms","value":"300000","source":"DEFAULT_CONFIG"}],"isSensitive":false,"isReadOnly":true},{"name":"confluent.schema.registry.retries.wait.ms","value":"0","source":"DEFAULT_CONFIG","synonyms":[{"name":"confluent.schema.registry.retries.wait.ms","value":"0","source":"DEFAULT_CONFIG"}],"isSensitive":false,"isReadOnly":true},{"name":"leader.imbalance.per.broker.percentage","value":"10","source":"DEFAULT_CONFIG","synonyms":[{"name":"leader.imbalance.per.broker.percentage","value":"10","source":"DEFAULT_CONFIG"}],"isSensitive":false,"isReadOnly":true},{"name":"sasl.login.refresh.window.jitter","value":"0.05","source":"DEFAULT_CONFIG","synonyms":[{"name":"sasl.login.refresh.window.jitter","value":"0.05","source":"DEFAULT_CONFIG"}],"isSensitive":false,"isReadOnly":false},{"name":"advertised.host.name","value":null,"source":"DEFAULT_CONFIG","synonyms":[],"isSensitive":false,"isReadOnly":true},{"name":"metric.reporters","value":"io.confluent.metrics.reporter.ConfluentMetricsReporter","source":"STATIC_BROKER_CONFIG","synonyms":[{"name":"metric.reporters","value":"io.confluent.metrics.reporter.ConfluentMetricsReporter","source":"STATIC_BROKER_CONFIG"},{"name":"metric.reporters","value":"","source":"DEFAULT_CONFIG"}],"isSensitive":false,"isReadOnly":false},{"name":"quota.producer.default","value":"9223372036854775807","source":"DEFAULT_CONFIG","synonyms":[{"name":"quota.producer.default","value":"9223372036854775807","source":"DEFAULT_CONFIG"}],"isSensitive":false,"isReadOnly":true},{"name":"auto.create.topics.enable","value":"true","source":"DEFAULT_CONFIG","synonyms":[{"name":"auto.create.topics.enable","value":"true","source":"DEFAULT_CONFIG"}],"isSensitive":false,"isReadOnly":true},{"name":"replica.socket.receive.buffer.bytes","value":"65536","source":"DEFAULT_CONFIG","synonyms":[{"name":"replica.socket.receive.buffer.bytes","value":"65536","source":"DEFAULT_CONFIG"}],"isSensitive":false,"isReadOnly":true},{"name":"zookeeper.ssl.truststore.location","value":null,"source":"DEFAULT_CONFIG","synonyms":[],"isSensitive":false,"isReadOnly":true},{"name":"replica.fetch.wait.max.ms","value":"500","source":"DEFAULT_CONFIG","synonyms":[{"name":"replica.fetch.wait.max.ms","value":"500","source":"DEFAULT_CONFIG"}],"isSensitive":false,"isReadOnly":true},{"name":"password.encoder.iterations","value":"4096","source":"DEFAULT_CONFIG","synonyms":[{"name":"password.encoder.iterations","value":"4096","source":"DEFAULT_CONFIG"}],"isSensitive":false,"isReadOnly":true},{"name":"default.replication.factor","value":"1","source":"DEFAULT_CONFIG","synonyms":[{"name":"default.replication.factor","value":"1","source":"DEFAULT_CONFIG"}],"isSensitive":false,"isReadOnly":true},{"name":"ssl.truststore.password","value":null,"source":"DEFAULT_CONFIG","synonyms":[],"isSensitive":true,"isReadOnly":false},{"name":"log.preallocate","value":"false","source":"DEFAULT_CONFIG","synonyms":[{"name":"log.preallocate","value":"false","source":"DEFAULT_CONFIG"}],"isSensitive":false,"isReadOnly":false},{"name":"sasl.kerberos.principal.to.local.rules","value":"DEFAULT","source":"DEFAULT_CONFIG","synonyms":[{"name":"sasl.kerberos.principal.to.local.rules","value":"DEFAULT","source":"DEFAULT_CONFIG"}],"isSensitive":false,"isReadOnly":false},{"name":"broker.interceptor.class","value":"org.apache.kafka.server.interceptor.DefaultBrokerInterceptor","source":"DEFAULT_CONFIG","synonyms":[{"name":"broker.interceptor.class","value":"org.apache.kafka.server.interceptor.DefaultBrokerInterceptor","source":"DEFAULT_CONFIG"}],"isSensitive":false,"isReadOnly":true},{"name":"transactional.id.expiration.ms","value":"604800000","source":"DEFAULT_CONFIG","synonyms":[{"name":"transactional.id.expiration.ms","value":"604800000","source":"DEFAULT_CONFIG"}],"isSensitive":false,"isReadOnly":true},{"name":"transaction.state.log.replication.factor","value":"2","source":"STATIC_BROKER_CONFIG","synonyms":[{"name":"transaction.state.log.replication.factor","value":"2","source":"STATIC_BROKER_CONFIG"},{"name":"transaction.state.log.replication.factor","value":"3","source":"DEFAULT_CONFIG"}],"isSensitive":false,"isReadOnly":true},{"name":"control.plane.listener.name","value":null,"source":"DEFAULT_CONFIG","synonyms":[],"isSensitive":false,"isReadOnly":true},{"name":"num.io.threads","value":"8","source":"DEFAULT_CONFIG","synonyms":[{"name":"num.io.threads","value":"8","source":"DEFAULT_CONFIG"}],"isSensitive":false,"isReadOnly":false},{"name":"sasl.login.refresh.buffer.seconds","value":"300","source":"DEFAULT_CONFIG","synonyms":[{"name":"sasl.login.refresh.buffer.seconds","value":"300","source":"DEFAULT_CONFIG"}],"isSensitive":false,"isReadOnly":false},{"name":"connection.failed.authentication.delay.ms","value":"100","source":"DEFAULT_CONFIG","synonyms":[{"name":"connection.failed.authentication.delay.ms","value":"100","source":"DEFAULT_CONFIG"}],"isSensitive":false,"isReadOnly":true},{"name":"offsets.commit.required.acks","value":"-1","source":"DEFAULT_CONFIG","synonyms":[{"name":"offsets.commit.required.acks","value":"-1","source":"DEFAULT_CONFIG"}],"isSensitive":false,"isReadOnly":true},{"name":"multitenant.metadata.class","value":null,"source":"DEFAULT_CONFIG","synonyms":[],"isSensitive":false,"isReadOnly":true},{"name":"delete.topic.enable","value":"true","source":"DEFAULT_CONFIG","synonyms":[{"name":"delete.topic.enable","value":"true","source":"DEFAULT_CONFIG"}],"isSensitive":false,"isReadOnly":true},{"name":"quota.window.size.seconds","value":"1","source":"DEFAULT_CONFIG","synonyms":[{"name":"quota.window.size.seconds","value":"1","source":"DEFAULT_CONFIG"}],"isSensitive":false,"isReadOnly":true},{"name":"confluent.license.topic.replication.factor","value":null,"source":"STATIC_BROKER_CONFIG","synonyms":[{"name":"confluent.license.topic.replication.factor","value":null,"source":"STATIC_BROKER_CONFIG"}],"isSensitive":true,"isReadOnly":true},{"name":"ssl.truststore.type","value":"JKS","source":"DEFAULT_CONFIG","synonyms":[{"name":"ssl.truststore.type","value":"JKS","source":"DEFAULT_CONFIG"}],"isSensitive":false,"isReadOnly":false},{"name":"offsets.commit.timeout.ms","value":"5000","source":"DEFAULT_CONFIG","synonyms":[{"name":"offsets.commit.timeout.ms","value":"5000","source":"DEFAULT_CONFIG"}],"isSensitive":false,"isReadOnly":true},{"name":"zookeeper.ssl.ocsp.enable","value":"false","source":"DEFAULT_CONFIG","synonyms":[{"name":"zookeeper.ssl.ocsp.enable","value":"false","source":"DEFAULT_CONFIG"}],"isSensitive":false,"isReadOnly":true},{"name":"zookeeper.ssl.enabled.protocols","value":null,"source":"DEFAULT_CONFIG","synonyms":[],"isSensitive":false,"isReadOnly":true},{"name":"log.cleaner.max.compaction.lag.ms","value":"9223372036854775807","source":"DEFAULT_CONFIG","synonyms":[{"name":"log.cleaner.max.compaction.lag.ms","value":"9223372036854775807","source":"DEFAULT_CONFIG"}],"isSensitive":false,"isReadOnly":false},{"name":"confluent.metrics.enable","value":null,"source":"STATIC_BROKER_CONFIG","synonyms":[{"name":"confluent.metrics.enable","value":null,"source":"STATIC_BROKER_CONFIG"}],"isSensitive":true,"isReadOnly":true},{"name":"log.retention.ms","value":null,"source":"DEFAULT_CONFIG","synonyms":[],"isSensitive":false,"isReadOnly":false},{"name":"alter.log.dirs.replication.quota.window.num","value":"11","source":"DEFAULT_CONFIG","synonyms":[{"name":"alter.log.dirs.replication.quota.window.num","value":"11","source":"DEFAULT_CONFIG"}],"isSensitive":false,"isReadOnly":true},{"name":"log.cleaner.enable","value":"true","source":"DEFAULT_CONFIG","synonyms":[{"name":"log.cleaner.enable","value":"true","source":"DEFAULT_CONFIG"}],"isSensitive":false,"isReadOnly":true},{"name":"offsets.load.buffer.size","value":"5242880","source":"DEFAULT_CONFIG","synonyms":[{"name":"offsets.load.buffer.size","value":"5242880","source":"DEFAULT_CONFIG"}],"isSensitive":false,"isReadOnly":true},{"name":"ssl.client.auth","value":"none","source":"DEFAULT_CONFIG","synonyms":[{"name":"ssl.client.auth","value":"none","source":"DEFAULT_CONFIG"}],"isSensitive":false,"isReadOnly":false},{"name":"controlled.shutdown.max.retries","value":"3","source":"DEFAULT_CONFIG","synonyms":[{"name":"controlled.shutdown.max.retries","value":"3","source":"DEFAULT_CONFIG"}],"isSensitive":false,"isReadOnly":true},{"name":"offsets.topic.replication.factor","value":"1","source":"STATIC_BROKER_CONFIG","synonyms":[{"name":"offsets.topic.replication.factor","value":"1","source":"STATIC_BROKER_CONFIG"},{"name":"offsets.topic.replication.factor","value":"3","source":"DEFAULT_CONFIG"}],"isSensitive":false,"isReadOnly":true},{"name":"transaction.state.log.min.isr","value":"1","source":"STATIC_BROKER_CONFIG","synonyms":[{"name":"transaction.state.log.min.isr","value":"1","source":"STATIC_BROKER_CONFIG"},{"name":"transaction.state.log.min.isr","value":"2","source":"DEFAULT_CONFIG"}],"isSensitive":false,"isReadOnly":true},{"name":"zookeeper.ssl.truststore.type","value":null,"source":"DEFAULT_CONFIG","synonyms":[],"isSensitive":false,"isReadOnly":true},{"name":"ssl.secure.random.implementation","value":null,"source":"DEFAULT_CONFIG","synonyms":[],"isSensitive":false,"isReadOnly":false},{"name":"sasl.kerberos.ticket.renew.jitter","value":"0.05","source":"DEFAULT_CONFIG","synonyms":[{"name":"sasl.kerberos.ticket.renew.jitter","value":"0.05","source":"DEFAULT_CONFIG"}],"isSensitive":false,"isReadOnly":false},{"name":"ssl.trustmanager.algorithm","value":"PKIX","source":"DEFAULT_CONFIG","synonyms":[{"name":"ssl.trustmanager.algorithm","value":"PKIX","source":"DEFAULT_CONFIG"}],"isSensitive":false,"isReadOnly":false},{"name":"zookeeper.session.timeout.ms","value":"18000","source":"DEFAULT_CONFIG","synonyms":[{"name":"zookeeper.session.timeout.ms","value":"18000","source":"DEFAULT_CONFIG"}],"isSensitive":false,"isReadOnly":true},{"name":"multitenant.metadata.dir","value":null,"source":"DEFAULT_CONFIG","synonyms":[],"isSensitive":false,"isReadOnly":true},{"name":"log.retention.bytes","value":"-1","source":"DEFAULT_CONFIG","synonyms":[{"name":"log.retention.bytes","value":"-1","source":"DEFAULT_CONFIG"}],"isSensitive":false,"isReadOnly":false},{"name":"confluent.ssl.protocol","value":null,"source":"DEFAULT_CONFIG","synonyms":[],"isSensitive":false,"isReadOnly":true},{"name":"sasl.jaas.config","value":null,"source":"DEFAULT_CONFIG","synonyms":[],"isSensitive":true,"isReadOnly":false},{"name":"multitenant.metadata.ssl.certs.path","value":null,"source":"DEFAULT_CONFIG","synonyms":[],"isSensitive":false,"isReadOnly":true},{"name":"sasl.kerberos.min.time.before.relogin","value":"60000","source":"DEFAULT_CONFIG","synonyms":[{"name":"sasl.kerberos.min.time.before.relogin","value":"60000","source":"DEFAULT_CONFIG"}],"isSensitive":false,"isReadOnly":false},{"name":"offsets.retention.minutes","value":"10080","source":"DEFAULT_CONFIG","synonyms":[{"name":"offsets.retention.minutes","value":"10080","source":"DEFAULT_CONFIG"}],"isSensitive":false,"isReadOnly":true},{"name":"replica.fetch.backoff.ms","value":"1000","source":"DEFAULT_CONFIG","synonyms":[{"name":"replica.fetch.backoff.ms","value":"1000","source":"DEFAULT_CONFIG"}],"isSensitive":false,"isReadOnly":true},{"name":"inter.broker.protocol.version","value":"2.5-IV0","source":"DEFAULT_CONFIG","synonyms":[{"name":"inter.broker.protocol.version","value":"2.5-IV0","source":"DEFAULT_CONFIG"}],"isSensitive":false,"isReadOnly":true},{"name":"kafka.metrics.reporters","value":"","source":"DEFAULT_CONFIG","synonyms":[{"name":"kafka.metrics.reporters","value":"","source":"DEFAULT_CONFIG"}],"isSensitive":false,"isReadOnly":true},{"name":"num.partitions","value":"1","source":"DEFAULT_CONFIG","synonyms":[{"name":"num.partitions","value":"1","source":"DEFAULT_CONFIG"}],"isSensitive":false,"isReadOnly":true},{"name":"listeners","value":"PLAINTEXT://0.0.0.0:29092,PLAINTEXT_HOST://0.0.0.0:9092","source":"STATIC_BROKER_CONFIG","synonyms":[{"name":"listeners","value":"PLAINTEXT://0.0.0.0:29092,PLAINTEXT_HOST://0.0.0.0:9092","source":"STATIC_BROKER_CONFIG"}],"isSensitive":false,"isReadOnly":false},{"name":"broker.id.generation.enable","value":"true","source":"DEFAULT_CONFIG","synonyms":[{"name":"broker.id.generation.enable","value":"true","source":"DEFAULT_CONFIG"}],"isSensitive":false,"isReadOnly":true},{"name":"ssl.enabled.protocols","value":"TLSv1.2,TLSv1.1,TLSv1","source":"DEFAULT_CONFIG","synonyms":[{"name":"ssl.enabled.protocols","value":"TLSv1.2,TLSv1.1,TLSv1","source":"DEFAULT_CONFIG"}],"isSensitive":false,"isReadOnly":false},{"name":"inter.broker.listener.name","value":null,"source":"DEFAULT_CONFIG","synonyms":[],"isSensitive":false,"isReadOnly":true},{"name":"confluent.backpressure.types","value":null,"source":"DEFAULT_CONFIG","synonyms":[],"isSensitive":false,"isReadOnly":false},{"name":"alter.config.policy.class.name","value":null,"source":"DEFAULT_CONFIG","synonyms":[],"isSensitive":false,"isReadOnly":true},{"name":"delegation.token.expiry.check.interval.ms","value":"3600000","source":"DEFAULT_CONFIG","synonyms":[{"name":"delegation.token.expiry.check.interval.ms","value":"3600000","source":"DEFAULT_CONFIG"}],"isSensitive":false,"isReadOnly":true},{"name":"zookeeper.max.in.flight.requests","value":"10","source":"DEFAULT_CONFIG","synonyms":[{"name":"zookeeper.max.in.flight.requests","value":"10","source":"DEFAULT_CONFIG"}],"isSensitive":false,"isReadOnly":true},{"name":"log.flush.scheduler.interval.ms","value":"9223372036854775807","source":"DEFAULT_CONFIG","synonyms":[{"name":"log.flush.scheduler.interval.ms","value":"9223372036854775807","source":"DEFAULT_CONFIG"}],"isSensitive":false,"isReadOnly":true},{"name":"log.index.size.max.bytes","value":"10485760","source":"DEFAULT_CONFIG","synonyms":[{"name":"log.index.size.max.bytes","value":"10485760","source":"DEFAULT_CONFIG"}],"isSensitive":false,"isReadOnly":false},{"name":"ssl.keymanager.algorithm","value":"SunX509","source":"DEFAULT_CONFIG","synonyms":[{"name":"ssl.keymanager.algorithm","value":"SunX509","source":"DEFAULT_CONFIG"}],"isSensitive":false,"isReadOnly":false},{"name":"sasl.login.callback.handler.class","value":null,"source":"DEFAULT_CONFIG","synonyms":[],"isSensitive":false,"isReadOnly":true},{"name":"confluent.metrics.reporter.zookeeper.connect","value":null,"source":"STATIC_BROKER_CONFIG","synonyms":[{"name":"confluent.metrics.reporter.zookeeper.connect","value":null,"source":"STATIC_BROKER_CONFIG"}],"isSensitive":true,"isReadOnly":true},{"name":"replica.fetch.max.bytes","value":"1048576","source":"DEFAULT_CONFIG","synonyms":[{"name":"replica.fetch.max.bytes","value":"1048576","source":"DEFAULT_CONFIG"}],"isSensitive":false,"isReadOnly":true},{"name":"zookeeper.ssl.crl.enable","value":"false","source":"DEFAULT_CONFIG","synonyms":[{"name":"zookeeper.ssl.crl.enable","value":"false","source":"DEFAULT_CONFIG"}],"isSensitive":false,"isReadOnly":true},{"name":"sasl.server.callback.handler.class","value":null,"source":"DEFAULT_CONFIG","synonyms":[],"isSensitive":false,"isReadOnly":true},{"name":"confluent.ssl.keystore.location","value":null,"source":"DEFAULT_CONFIG","synonyms":[],"isSensitive":false,"isReadOnly":true},{"name":"advertised.port","value":null,"source":"DEFAULT_CONFIG","synonyms":[],"isSensitive":false,"isReadOnly":true},{"name":"log.cleaner.dedupe.buffer.size","value":"134217728","source":"DEFAULT_CONFIG","synonyms":[{"name":"log.cleaner.dedupe.buffer.size","value":"134217728","source":"DEFAULT_CONFIG"}],"isSensitive":false,"isReadOnly":false},{"name":"log.cleaner.io.buffer.size","value":"524288","source":"DEFAULT_CONFIG","synonyms":[{"name":"log.cleaner.io.buffer.size","value":"524288","source":"DEFAULT_CONFIG"}],"isSensitive":false,"isReadOnly":false},{"name":"create.topic.policy.class.name","value":null,"source":"DEFAULT_CONFIG","synonyms":[],"isSensitive":false,"isReadOnly":true},{"name":"confluent.missing.id.cache.ttl.sec","value":"60","source":"DEFAULT_CONFIG","synonyms":[{"name":"confluent.missing.id.cache.ttl.sec","value":"60","source":"DEFAULT_CONFIG"}],"isSensitive":false,"isReadOnly":true},{"name":"controlled.shutdown.retry.backoff.ms","value":"5000","source":"DEFAULT_CONFIG","synonyms":[{"name":"controlled.shutdown.retry.backoff.ms","value":"5000","source":"DEFAULT_CONFIG"}],"isSensitive":false,"isReadOnly":true},{"name":"security.providers","value":null,"source":"DEFAULT_CONFIG","synonyms":[],"isSensitive":false,"isReadOnly":true},{"name":"confluent.verify.group.subscription.prefix","value":"false","source":"DEFAULT_CONFIG","synonyms":[{"name":"confluent.verify.group.subscription.prefix","value":"false","source":"DEFAULT_CONFIG"}],"isSensitive":false,"isReadOnly":true},{"name":"log.roll.hours","value":"168","source":"DEFAULT_CONFIG","synonyms":[{"name":"log.roll.hours","value":"168","source":"DEFAULT_CONFIG"}],"isSensitive":false,"isReadOnly":true},{"name":"log.cleanup.policy","value":"delete","source":"DEFAULT_CONFIG","synonyms":[{"name":"log.cleanup.policy","value":"delete","source":"DEFAULT_CONFIG"}],"isSensitive":false,"isReadOnly":false},{"name":"confluent.enable.stray.partition.deletion","value":"false","source":"DEFAULT_CONFIG","synonyms":[{"name":"confluent.enable.stray.partition.deletion","value":"false","source":"DEFAULT_CONFIG"}],"isSensitive":false,"isReadOnly":true},{"name":"log.flush.start.offset.checkpoint.interval.ms","value":"60000","source":"DEFAULT_CONFIG","synonyms":[{"name":"log.flush.start.offset.checkpoint.interval.ms","value":"60000","source":"DEFAULT_CONFIG"}],"isSensitive":false,"isReadOnly":true},{"name":"host.name","value":"","source":"DEFAULT_CONFIG","synonyms":[{"name":"host.name","value":"","source":"DEFAULT_CONFIG"}],"isSensitive":false,"isReadOnly":true},{"name":"log.roll.jitter.ms","value":null,"source":"DEFAULT_CONFIG","synonyms":[],"isSensitive":false,"isReadOnly":false},{"name":"transaction.state.log.segment.bytes","value":"104857600","source":"DEFAULT_CONFIG","synonyms":[{"name":"transaction.state.log.segment.bytes","value":"104857600","source":"DEFAULT_CONFIG"}],"isSensitive":false,"isReadOnly":true},{"name":"offsets.topic.segment.bytes","value":"104857600","source":"DEFAULT_CONFIG","synonyms":[{"name":"offsets.topic.segment.bytes","value":"104857600","source":"DEFAULT_CONFIG"}],"isSensitive":false,"isReadOnly":true},{"name":"group.initial.rebalance.delay.ms","value":"0","source":"STATIC_BROKER_CONFIG","synonyms":[{"name":"group.initial.rebalance.delay.ms","value":"0","source":"STATIC_BROKER_CONFIG"},{"name":"group.initial.rebalance.delay.ms","value":"3000","source":"DEFAULT_CONFIG"}],"isSensitive":false,"isReadOnly":true},{"name":"log.index.interval.bytes","value":"4096","source":"DEFAULT_CONFIG","synonyms":[{"name":"log.index.interval.bytes","value":"4096","source":"DEFAULT_CONFIG"}],"isSensitive":false,"isReadOnly":false},{"name":"log.cleaner.backoff.ms","value":"15000","source":"DEFAULT_CONFIG","synonyms":[{"name":"log.cleaner.backoff.ms","value":"15000","source":"DEFAULT_CONFIG"}],"isSensitive":false,"isReadOnly":false},{"name":"offset.metadata.max.bytes","value":"4096","source":"DEFAULT_CONFIG","synonyms":[{"name":"offset.metadata.max.bytes","value":"4096","source":"DEFAULT_CONFIG"}],"isSensitive":false,"isReadOnly":true},{"name":"ssl.truststore.location","value":null,"source":"DEFAULT_CONFIG","synonyms":[],"isSensitive":false,"isReadOnly":false},{"name":"ssl.keystore.password","value":null,"source":"DEFAULT_CONFIG","synonyms":[],"isSensitive":true,"isReadOnly":false},{"name":"zookeeper.sync.time.ms","value":"2000","source":"DEFAULT_CONFIG","synonyms":[{"name":"zookeeper.sync.time.ms","value":"2000","source":"DEFAULT_CONFIG"}],"isSensitive":false,"isReadOnly":true},{"name":"fetch.max.bytes","value":"57671680","source":"DEFAULT_CONFIG","synonyms":[{"name":"fetch.max.bytes","value":"57671680","source":"DEFAULT_CONFIG"}],"isSensitive":false,"isReadOnly":true},{"name":"compression.type","value":"producer","source":"DEFAULT_CONFIG","synonyms":[{"name":"compression.type","value":"producer","source":"DEFAULT_CONFIG"}],"isSensitive":false,"isReadOnly":false},{"name":"max.connections.per.ip.overrides","value":"","source":"DEFAULT_CONFIG","synonyms":[{"name":"max.connections.per.ip.overrides","value":"","source":"DEFAULT_CONFIG"}],"isSensitive":false,"isReadOnly":false},{"name":"confluent.metrics.reporter.topic.replicas","value":null,"source":"STATIC_BROKER_CONFIG","synonyms":[{"name":"confluent.metrics.reporter.topic.replicas","value":null,"source":"STATIC_BROKER_CONFIG"}],"isSensitive":true,"isReadOnly":true},{"name":"sasl.login.refresh.window.factor","value":"0.8","source":"DEFAULT_CONFIG","synonyms":[{"name":"sasl.login.refresh.window.factor","value":"0.8","source":"DEFAULT_CONFIG"}],"isSensitive":false,"isReadOnly":false},{"name":"kafka.metrics.polling.interval.secs","value":"10","source":"DEFAULT_CONFIG","synonyms":[{"name":"kafka.metrics.polling.interval.secs","value":"10","source":"DEFAULT_CONFIG"}],"isSensitive":false,"isReadOnly":true},{"name":"confluent.log.placement.constraints","value":"","source":"DEFAULT_CONFIG","synonyms":[{"name":"confluent.log.placement.constraints","value":"","source":"DEFAULT_CONFIG"}],"isSensitive":false,"isReadOnly":true},{"name":"max.incremental.fetch.session.cache.slots","value":"1000","source":"DEFAULT_CONFIG","synonyms":[{"name":"max.incremental.fetch.session.cache.slots","value":"1000","source":"DEFAULT_CONFIG"}],"isSensitive":false,"isReadOnly":true},{"name":"delegation.token.master.key","value":null,"source":"DEFAULT_CONFIG","synonyms":[],"isSensitive":true,"isReadOnly":true},{"name":"confluent.ssl.truststore.location","value":null,"source":"DEFAULT_CONFIG","synonyms":[],"isSensitive":false,"isReadOnly":true},{"name":"ssl.key.password","value":null,"source":"DEFAULT_CONFIG","synonyms":[],"isSensitive":true,"isReadOnly":false},{"name":"reserved.broker.max.id","value":"1000","source":"DEFAULT_CONFIG","synonyms":[{"name":"reserved.broker.max.id","value":"1000","source":"DEFAULT_CONFIG"}],"isSensitive":false,"isReadOnly":true},{"name":"transaction.remove.expired.transaction.cleanup.interval.ms","value":"3600000","source":"DEFAULT_CONFIG","synonyms":[{"name":"transaction.remove.expired.transaction.cleanup.interval.ms","value":"3600000","source":"DEFAULT_CONFIG"}],"isSensitive":false,"isReadOnly":true},{"name":"log.message.downconversion.enable","value":"true","source":"DEFAULT_CONFIG","synonyms":[{"name":"log.message.downconversion.enable","value":"true","source":"DEFAULT_CONFIG"}],"isSensitive":false,"isReadOnly":false},{"name":"ssl.protocol","value":"TLS","source":"DEFAULT_CONFIG","synonyms":[{"name":"ssl.protocol","value":"TLS","source":"DEFAULT_CONFIG"}],"isSensitive":false,"isReadOnly":false},{"name":"confluent.segment.speculative.prefetch.enable","value":"false","source":"DEFAULT_CONFIG","synonyms":[{"name":"confluent.segment.speculative.prefetch.enable","value":"false","source":"DEFAULT_CONFIG"}],"isSensitive":false,"isReadOnly":false},{"name":"-%}","value":null,"source":"STATIC_BROKER_CONFIG","synonyms":[{"name":"-%}","value":null,"source":"STATIC_BROKER_CONFIG"}],"isSensitive":true,"isReadOnly":true},{"name":"confluent.request.log.filter.class","value":"org.apache.kafka.common.requests.SamplingRequestLogFilter","source":"DEFAULT_CONFIG","synonyms":[{"name":"confluent.request.log.filter.class","value":"org.apache.kafka.common.requests.SamplingRequestLogFilter","source":"DEFAULT_CONFIG"}],"isSensitive":false,"isReadOnly":true},{"name":"transaction.state.log.load.buffer.size","value":"5242880","source":"DEFAULT_CONFIG","synonyms":[{"name":"transaction.state.log.load.buffer.size","value":"5242880","source":"DEFAULT_CONFIG"}],"isSensitive":false,"isReadOnly":true},{"name":"ssl.keystore.location","value":null,"source":"DEFAULT_CONFIG","synonyms":[],"isSensitive":false,"isReadOnly":false},{"name":"num.replica.alter.log.dirs.threads","value":null,"source":"DEFAULT_CONFIG","synonyms":[],"isSensitive":false,"isReadOnly":true},{"name":"sasl.enabled.mechanisms","value":"GSSAPI","source":"DEFAULT_CONFIG","synonyms":[{"name":"sasl.enabled.mechanisms","value":"GSSAPI","source":"DEFAULT_CONFIG"}],"isSensitive":false,"isReadOnly":false},{"name":"confluent.missing.id.query.range","value":"200","source":"DEFAULT_CONFIG","synonyms":[{"name":"confluent.missing.id.query.range","value":"200","source":"DEFAULT_CONFIG"}],"isSensitive":false,"isReadOnly":true},{"name":"zookeeper.ssl.cipher.suites","value":null,"source":"DEFAULT_CONFIG","synonyms":[],"isSensitive":false,"isReadOnly":true},{"name":"group.min.session.timeout.ms","value":"6000","source":"DEFAULT_CONFIG","synonyms":[{"name":"group.min.session.timeout.ms","value":"6000","source":"DEFAULT_CONFIG"}],"isSensitive":false,"isReadOnly":true},{"name":"confluent.multitenant.listener.names","value":null,"source":"DEFAULT_CONFIG","synonyms":[],"isSensitive":false,"isReadOnly":true},{"name":"log.cleaner.io.buffer.load.factor","value":"0.9","source":"DEFAULT_CONFIG","synonyms":[{"name":"log.cleaner.io.buffer.load.factor","value":"0.9","source":"DEFAULT_CONFIG"}],"isSensitive":false,"isReadOnly":false},{"name":"transaction.max.timeout.ms","value":"900000","source":"DEFAULT_CONFIG","synonyms":[{"name":"transaction.max.timeout.ms","value":"900000","source":"DEFAULT_CONFIG"}],"isSensitive":false,"isReadOnly":true},{"name":"group.max.size","value":"2147483647","source":"DEFAULT_CONFIG","synonyms":[{"name":"group.max.size","value":"2147483647","source":"DEFAULT_CONFIG"}],"isSensitive":false,"isReadOnly":true},{"name":"multitenant.tenant.delete.batch.size","value":"10","source":"DEFAULT_CONFIG","synonyms":[{"name":"multitenant.tenant.delete.batch.size","value":"10","source":"DEFAULT_CONFIG"}],"isSensitive":false,"isReadOnly":true},{"name":"broker.id","value":"1","source":"STATIC_BROKER_CONFIG","synonyms":[{"name":"broker.id","value":"1","source":"STATIC_BROKER_CONFIG"},{"name":"broker.id","value":"-1","source":"DEFAULT_CONFIG"}],"isSensitive":false,"isReadOnly":true},{"name":"zookeeper.ssl.endpoint.identification.algorithm","value":"HTTPS","source":"DEFAULT_CONFIG","synonyms":[{"name":"zookeeper.ssl.endpoint.identification.algorithm","value":"HTTPS","source":"DEFAULT_CONFIG"}],"isSensitive":false,"isReadOnly":true},{"name":"offsets.topic.compression.codec","value":"0","source":"DEFAULT_CONFIG","synonyms":[{"name":"offsets.topic.compression.codec","value":"0","source":"DEFAULT_CONFIG"}],"isSensitive":false,"isReadOnly":true},{"name":"delegation.token.max.lifetime.ms","value":"604800000","source":"DEFAULT_CONFIG","synonyms":[{"name":"delegation.token.max.lifetime.ms","value":"604800000","source":"DEFAULT_CONFIG"}],"isSensitive":false,"isReadOnly":true},{"name":"replication.quota.window.num","value":"11","source":"DEFAULT_CONFIG","synonyms":[{"name":"replication.quota.window.num","value":"11","source":"DEFAULT_CONFIG"}],"isSensitive":false,"isReadOnly":true},{"name":"confluent.ssl.truststore.password","value":null,"source":"DEFAULT_CONFIG","synonyms":[],"isSensitive":false,"isReadOnly":true},{"name":"advertised.listeners","value":"PLAINTEXT://broker:29092,PLAINTEXT_HOST://localhost:9092","source":"STATIC_BROKER_CONFIG","synonyms":[{"name":"advertised.listeners","value":"PLAINTEXT://broker:29092,PLAINTEXT_HOST://localhost:9092","source":"STATIC_BROKER_CONFIG"}],"isSensitive":false,"isReadOnly":false},{"name":"queued.max.request.bytes","value":"-1","source":"DEFAULT_CONFIG","synonyms":[{"name":"queued.max.request.bytes","value":"-1","source":"DEFAULT_CONFIG"}],"isSensitive":false,"isReadOnly":true}]}}