[{"topic":"charts.test.foo","partition":1,"offset":0,"timestamp":1590064817082,"timestampType":"CREATE_TIME","headers":[],"key":{"_id":{"_id":{"$oid":"5e4eb0491f1ed7fd1a1912a4"},"copyingData":true}},"value":"\u0000\u0000\u0000\u0000\u0001�\u000b{\"_id\": {\"$oid\": \"5e4eb0491f1ed7fd1a1912a4\"}, \"ns\": \"config.transactions\", \"latencyStats\": {\"reads\": {\"histogram\": [{\"micros\": {\"$numberLong\": \"64\"}, \"count\": {\"$numberLong\": \"1\"}}], \"latency\": {\"$numberLong\": \"119\"}, \"ops\": {\"$numberLong\": \"1\"}}, \"writes\": {\"histogram\": [], \"latency\": {\"$numberLong\": \"0\"}, \"ops\": {\"$numberLong\": \"0\"}}, \"commands\": {\"histogram\": [], \"latency\": {\"$numberLong\": \"0\"}, \"ops\": {\"$numberLong\": \"0\"}}}, \"storageStats\": {\"size\": 0.0, \"count\": 0.0, \"storageSize\": 0.0, \"nindexes\": 1.0, \"indexSizes\": {\"_id_\": 0.0}, \"avgObjSize\": null}, \"index\": [{\"k\": \"_id_\", \"v\": {\"cache\": {\"bytes currently in the cache\": 821.0}}}], \"in cache Collection MB\": 1.735687255859375E-4, \"in cache Indexes MB\": 7.829666137695312E-4}"}]